withdraw_address,deposit_address
0x7f182fe7ab9a186deb61dfe8fe1dc518da51b8c1,0x7f182fe7ab9a186deb61dfe8fe1dc518da51b8c1
0x1e9b50040e373b387d596b366132be53fe3fc667,0xbe2ae891e9c8e0ff1eee1467e36cf055a1a4f709
0x68661550f759a41d65a8eefd3e47dd606ca76ae2,0x09bdff1a9d98a1fb81d982ad2b192dd49a932296
0xe44799ef334df157e0f8e2855e5ebebdbc02b299,0xe44799ef334df157e0f8e2855e5ebebdbc02b299
0xd88189f7dee6e5dbd6cbc6f06fd357f4bf7f330b,0x516a24e7691b34752772a699962e1b632fd083c0
0x50adf7a75d7cd6132acc0a2fb21c019011286635,0x50adf7a75d7cd6132acc0a2fb21c019011286635
0xe4b424e1ccc6f08768c921455f83181bacbfe3f0,0xe0e484dfa7f3aa36733a915d6f07eb5a57a74a11
0x7de27209440cac3707ac0114337ffb2e0b87b4ee,0xd8e0016879fe8904988315317e622e48176820b6
0x6e8df51931f8675cf7e12447e1fe25b26c8775c7,0x4c27508f0a35220c87abf3b5f255259ce82408ba
0xfe62145b68ae16b59f88c121651a9019f13f3653,0x6a1cf24c645db2e37141fa12e70cb67e56b336f3
0x107753c195edde2fe69e573f667a697526178a47,0x4c27508f0a35220c87abf3b5f255259ce82408ba
0xe7a784acb145bd8993e83d41adf43b7c7195e995,0xe7a784acb145bd8993e83d41adf43b7c7195e995
0x774ff72b32ecd32f06b8e9254ff4a76bbc87ceca,0x774ff72b32ecd32f06b8e9254ff4a76bbc87ceca
0x79d93cbf3583e62dd3edbddd1ee1121f8b07af81,0x0ea0ec93e0678aeaf02f107464769dfbbd8a388e
0x69ea2d6332295f64cf128c77260e6e8f97b4edf8,0x04816ea244d74ccbd0b925175057ea1d4db1af48
0x16e54b35d789832440ab47ae765e6a8098280676,0x16e54b35d789832440ab47ae765e6a8098280676
0x297946c26171008ba8c0e5642814b5fe6b842ab7,0x870ce4cbe75814672c0f1e62d3d19474dbca2edc
0xdff92a1d3c7832cbcc762ee5f326679dd801648e,0x978aad63fe35f7a72573c411c3dff53608aaeac9
0xb83c15a93b65a57c59a568068dfee5da911146b8,0xd88189f7dee6e5dbd6cbc6f06fd357f4bf7f330b
0xfe62145b68ae16b59f88c121651a9019f13f3653,0xfe62145b68ae16b59f88c121651a9019f13f3653
0xb5606b29f1bfffb4be03110d4baca2a753f3eda7,0x50bc099cc05091510b59cd15150857200a6d1834
0x37a9af1ab86679d64fb7d8e1ba306e4fd8b28969,0xa65e1443440073106fa37b833ef821d22ef20b20
0x43ce646a81824798cdfbb638c51231ba8c1e9558,0x43ce646a81824798cdfbb638c51231ba8c1e9558
0x4cb522e6f25731b183115aac8d9767e045402e80,0x7f182fe7ab9a186deb61dfe8fe1dc518da51b8c1
0x9220910945de631feec536748b56945d0fbfd2ee,0x870ce4cbe75814672c0f1e62d3d19474dbca2edc
0xa426dad0179b6a374a47164887845a29ef832ec3,0x50adf7a75d7cd6132acc0a2fb21c019011286635
0x339dc1df6114053ee22e3843fed1d380b6d5bf26,0xa9edadabe54e980bfcbd29507f218340f6a59626
0x362627a677a0a82261bfc3cc6c2df30f032c29c0,0x91060b0a021f1b61cb26ba4fb77f2c108b11e227
0x598cc08d04c2499358dbfb1c07793c1a639214ba,0xda28b1eb9450978b9e3fd6a98f76a293920ce708
0xf6c22df046e964c3d269e71551d0494084bb66e2,0xad801483efced876060c34c7ed735282ad5f2021
0x59ab1bd1531e79c52a5e61b54f30fb1dc7da0af1,0x42dbf634c256acd17beddc1330488f1bea7b8bdf
0xabf84116200e0a67d4d6673f6ace1da3f8a216f3,0xabf84116200e0a67d4d6673f6ace1da3f8a216f3
0x1889e7c3d4b6d615d50350d6c775f05ae6cfeca6,0xf3810f657f8c2e2bfa047521e0977f5393f043f8
0x3df2630437dbf3f69066f899164ad8b500f1b4e1,0x4ea4d86c2dcadb881bccaad5d28a14b80d6aa1ef
0xae39d837692a4f1428c781e22e22d848373c3886,0xaf301de836c81deb8dff9dc22745e23c476155b2
0xfd7ceb49dd6dc045dd78823dedca2976316c2cfb,0x47bf5655de2f71f81621951bc1aa51ec6d0611d1
0x40c839b831c90173dc7fbce49a25274a4688ddd9,0x50adf7a75d7cd6132acc0a2fb21c019011286635
0xe44799ef334df157e0f8e2855e5ebebdbc02b299,0xe0e484dfa7f3aa36733a915d6f07eb5a57a74a11
0x13ac34ca33ae3e040e7fbd64c37926be343d1ab0,0x91060b0a021f1b61cb26ba4fb77f2c108b11e227
0x9d515256c7184a1afcc20a4eb9e82d33eede6262,0x9d515256c7184a1afcc20a4eb9e82d33eede6262
0x424d5011484dd4abf2e52a5406bf225b1f50023b,0x0e29fac5a553c6e3535b8ff34a0d0145ae3eef2e
0x24feb1c880b8b4154a58c6d2461a646b22e18b28,0x5a96020892d8b7c5d1e1215344a52d21259acc0c
0x3d66682e139b5c3d8eb6ca1e226e423e3a5ca5f5,0x0703b1e93f4746c08058d57cf68e6fe3bb80f2cf
0x9b99cc142338cf14e41b8d99d03e6c5d63719483,0xfa9dbab87da24fa3716c084cc8f9cc4f5e573849
0xde3e412d4fe3c9d90ac74d0a9b064951b39eeae4,0xde3e412d4fe3c9d90ac74d0a9b064951b39eeae4
0xe2ca7390e76c5a992749bb622087310d2e63ca29,0xe0e484dfa7f3aa36733a915d6f07eb5a57a74a11
0x30030383d959675ec884e7ec88f05ee0f186cc06,0x5481eccfce4303e8eeb1a648a68e8e70b5ab27e4
0xb769d7e96a9f46bb5f4fe3884b3ba9dcc0e271cd,0xdea28fb451a80b48ed71bf6eeffdc10f8843d416
0xacacc26b44fdb92546e95e5eaa2a1a63fbc79ad8,0xad5bbed1018a3245499c0bab98971d2a0758ef43
0xe0e484dfa7f3aa36733a915d6f07eb5a57a74a11,0x30030383d959675ec884e7ec88f05ee0f186cc06
0xefdd66340b2988bc8c90147318066e9816e9ab86,0x3b6e77722e2bbe97c1cfa337b42c0939aeb83671
0x2b9324f66b7733202261777726d8f9720285cb8a,0xe09fcbe1937316dc65cbc6c393b0dfd486d84279
0x75a6b3b01980bf4a78c7bdeca563d04f2dc60de2,0x75a6b3b01980bf4a78c7bdeca563d04f2dc60de2
0xba681f15a7bacb49ccf4a6577f2b522869db90d8,0x50adf7a75d7cd6132acc0a2fb21c019011286635
0x0478faec5bb44c02c3be28181de4d565ab139bbc,0x386e01b5dac730f4ce4f58d905bf4d2fb87b8560
0x79c8c196e5b55c6eb1778a064f1c3f95a87f5722,0x262d00769bf1f5e68d13d2c04b7d9555aa5029da
0xd835fa11dc63036678bedc2792c5060dcadfa8a1,0x612e198b406e6932599790f9ffa33c084559061b
0x4ff2dba438a054908a27acc5cf0cbf1f6213d50b,0x368a2d5cd67bb2c4c742d9482aa09f3126aa0f52
0xa2e3272fddcb16468d1cdd76f88a530f491b697a,0x613d61e2681fd8a9b760025edfb882c56488dc80
0x2eb1d97fe85304a52756448e29349b54648604ef,0x613d61e2681fd8a9b760025edfb882c56488dc80
0x466a65f974b16d0ac13ab857cc669f88c4be1624,0x466a65f974b16d0ac13ab857cc669f88c4be1624
0x62bff12b26297525728bb4085d1f04f2c724ebd7,0x613d61e2681fd8a9b760025edfb882c56488dc80
0x146ccb0e64cc3f80e09afcf52005b40dbd5f286d,0x607caa6da78804ecd91cd113c64ea1541dcc9d26
0x5b53d310c73afd70f03b7a373b3e2451983228c1,0x8d094bf53fc27d455429d639d1405dcb356d7de5
0x63760e5d0509d01d5e0f837ddc9cd481cb2cbc1d,0x7f182fe7ab9a186deb61dfe8fe1dc518da51b8c1
0x084089d80838d427531dba232c02b138be756edd,0xd754f908c4200297fa67be479400a6be92e66e4d
0x1c85dd668b8ae15cd97852d1b1ec7daf364eb1c8,0x7f182fe7ab9a186deb61dfe8fe1dc518da51b8c1
0x15f5bca0fdff03e31ff00ee9e93c69634efbab83,0xd8e0016879fe8904988315317e622e48176820b6
0xcfba4ad17f0f141f17be7f585225fdc3c12704c0,0xfc5c29bf9d61bf4827330b330a7b66831142b40b
0xde2fc7546bb6df59b8d1c54c2343ccb337958d35,0xe61fb2e9abbd278ce3829ea93e858afe198a5f8a
0x56ff2da99471436c198309025413bf5efaf05fc6,0xa65e1443440073106fa37b833ef821d22ef20b20
0x79a98a9f41051e119cad1b9ffefe523cd0be65f0,0x64468dba51b7872c22c999919d590dbdfecef8f8
0xa14e8b871c85a5c80ab5f96a4027d5e790c2ffda,0x978aad63fe35f7a72573c411c3dff53608aaeac9
0x20741325ddbf807222c1ffc80f2cf5cc5273d521,0x3a4dd62195f4dcc3d3c2517f2bc699594fe2cbb9
0x8474c43970481015019819936793ddc210a0050e,0xe0e484dfa7f3aa36733a915d6f07eb5a57a74a11
0xdc200f6fa36a0fb8bcb1cd3d78dbd4210c61f65c,0xcd63433beb40d1c3593027a9c19129fbc6c04747
0x1218f5098cd6cc04e35ca847b0377195d7bcb0cd,0xf58b26955e9769749ca8b608214f26f429ef127a
0x7a4e3eb61abc34e1965783f7e5469b357bb12cda,0x178895d7fa6db80d81aaff7bd277a4c485cfb314
0xf6b6f07862a02c85628b3a9688beae07fea9c863,0x3a567303b207c6d906a8fcc380a2c307ece7051d
0x3a4eb102b77b303d8cbaf1e174db1379be4a6916,0x434689d058a1b8aaef8df1d264dc631f71243aa6
0x61cdaed0dd3ad6aaae05c8dd65ae01ecb6ce7c87,0x04cd2d23240665d7e1ced4b22694ebccd6ef4fb6
0xde41ae5a20bfa1220f114eb2971f0944cefbf082,0xc8f9d5e02f87de488813e669e387f5de1ca23bae
0xc029f24c043d9b44e0b4506485ffc61013f1b1f2,0xbc8d822e1b52f9c5e1816300d8f45bb3e081b386
0xad5bbed1018a3245499c0bab98971d2a0758ef43,0xad5bbed1018a3245499c0bab98971d2a0758ef43
0x784812f52dcd20e1a1cbc501120a2d7e476d6665,0x47bf5655de2f71f81621951bc1aa51ec6d0611d1
0x83a15404ad475d06f6118a15dc3026b6b508d211,0x0703b1e93f4746c08058d57cf68e6fe3bb80f2cf
0x0ca170dc25f1ae2dd4bac85d375bb7bbd46886eb,0xbdbf4dd16c932ab149e708fa9081baf80f09dd3e
0xda8774d99fba48cfa13344285259401d93304a60,0xdea28fb451a80b48ed71bf6eeffdc10f8843d416
0xae808e78d581fc11ea00c6136c0b895da078d131,0x613d61e2681fd8a9b760025edfb882c56488dc80
0x99522dfaef05440288ebc7cebcfa3cabcc541d18,0x95a0e80bfa0b3e268d4cad69b9361c77d8c74f1c
0x753cb2cfb62d4d7c5e12c67e7bfc9b5e134def47,0x7f182fe7ab9a186deb61dfe8fe1dc518da51b8c1
0xa9c0f89c3745d7ecbdfc5c69037d3e396167f285,0xe7a784acb145bd8993e83d41adf43b7c7195e995
0xfb8fcac8a5051a92606852ea000ac7c81dd0db5a,0x1426bc048df0a9220f4cd2b10ced4db51b213ca5
0x5b85f5782284378629a4cae9a7750826f36a4b14,0x47bf5655de2f71f81621951bc1aa51ec6d0611d1
0xd50a9c1bbc54b521132b748c25415b5a17674172,0x613d61e2681fd8a9b760025edfb882c56488dc80
0xa7ce55361bc2966844e52296743774dd00fcc3eb,0xfa9dbab87da24fa3716c084cc8f9cc4f5e573849
0xb38883317621460fed87f3a6956e9ed8773e8390,0x4e6b41472d13ad84f6990dfec1af282cb04705f8
0xffe30f561e1226db92f1cc10c5c70141dcc0a830,0x1f192cc4540310ee85573669b4f3142d38848597
0x88eee227dd9590ca94ae767ee49efc3187fc56cc,0xab8717148e13931bf9b52034302b0b1744bf2ca2
0x7834dde92b18759dcd8d4f5a6e8a22fb34832720,0xe89f71e91dafec474ae97b8baa53029b30a5e9ec
0xdea28fb451a80b48ed71bf6eeffdc10f8843d416,0xdea28fb451a80b48ed71bf6eeffdc10f8843d416
0x559dc66a43ecc1712a9ec789a28cfd9a431cd167,0x0cacc6104d8cd9d7b2850b4f35c65c1ecdeece03
0x976c3418ff6f05c5207d6f71adb2ff91bf434c21,0x47bf5655de2f71f81621951bc1aa51ec6d0611d1
0xb1e6e410e47ab975e485b3b23d52b4eb00f5a779,0xe0e484dfa7f3aa36733a915d6f07eb5a57a74a11
0x9d9c56de392223472c85f9266aa42aaeda96a22a,0x4ea4d86c2dcadb881bccaad5d28a14b80d6aa1ef
0x9518b19deeb96402e888c4762c082b1ce0b442ce,0x79c71da32a990e2c7b3e4ef787c617e7aa186617
0x63923ef026aff6f2cbf32308034153bef5f2c444,0xc48d7f00e9ab747217319b782186c319f4304ed0
0x2fe8e10633eae71b503c60180c4190710a132237,0x4de4e2c47ac98d491420e4aad4173cc8152def07
0xa11109126af2c5904fdc5b6203108fef5770e85e,0x468590793a29ab383c77cb1383f014710ad5e1c3
0x9d515256c7184a1afcc20a4eb9e82d33eede6262,0xe89f71e91dafec474ae97b8baa53029b30a5e9ec
0x4a3e49d0cccbd1ebe755bd25dbf934a8fc6df2d3,0x0101ee92c2a6be0b26a638b07a0d127d4e97fc8e
0xacd614c63e7d9aed0e747d72a8723d5ea3b41424,0x4706349cf2ca0ff95bf914e28ed42ad3456d6429
0x5a077d5a13972bdd7292e1db7e8ee510bd0decc5,0xad5bbed1018a3245499c0bab98971d2a0758ef43
0xaed511ad396ad1ac8390d2faee21fdf5c55b4c00,0x4e291e5da03fdf4f573d83b744e29c846554199e
0x0f03b09a35e665f3cd37f178997aae188b5564b8,0x47bf5655de2f71f81621951bc1aa51ec6d0611d1
0x0b82da63a7318477bc0b37ad48895ff11ac443b8,0xb00c4875c01da7a6098f6844bacbd47df8d1eb33
0xe024f317cd7ae5cf4f6c527be180f6386f4a199e,0xe024f317cd7ae5cf4f6c527be180f6386f4a199e
0xdea28fb451a80b48ed71bf6eeffdc10f8843d416,0xfa9dbab87da24fa3716c084cc8f9cc4f5e573849
0x956afcb786226735daa933ec734dd8949f943583,0xad5bbed1018a3245499c0bab98971d2a0758ef43
0x87f394673a92a1a6c41fbf4e29889fad3d92047c,0x8f5df47880de5d6c94af3a4b3c645ae2b526a27b
0xabf84116200e0a67d4d6673f6ace1da3f8a216f3,0x09528b6c6fc792eff0c70563c9b4c4c6e38da61d
0x38261bf9a78ca867caf3e49a5f4b6597eac3e1b7,0x1f192cc4540310ee85573669b4f3142d38848597
0x856998b71de544fd3e82790064f5031d20eae45f,0x607caa6da78804ecd91cd113c64ea1541dcc9d26
0x1a647d2bffa8c506e2ef73c70f1bad43ef637f79,0x817e4317e50ef0e4721d020bd8b5ab775d207d6d
0xb77562124be8ac967cf7fc24573fe252aa39d95d,0xad801483efced876060c34c7ed735282ad5f2021
0x6c62bdb8cf1b4349b8c4574c49267aa8d133a8b0,0x3f19fdadf6e76d8e3fa63573ad1b2a5e4e26ab3b
0xfe3a899e0de9791f5568c2fa614d909d80e81966,0xc433d50dd0614c81ee314289ec82aa63710d25e8
0xcf3229a47bcd401c4885568a4fbb29f6d3dcc9f0,0xab95d2cd70a80469985fafe7457de81498211ed4
0xc7913c636630061f33888fad7cceb0062bd23373,0x4e6b41472d13ad84f6990dfec1af282cb04705f8
0xc7fa33f7dad4bb708c8400923e86a802585593e9,0xa331ea4bc72b455aea8ef86e36460a255b04f506
0x24742a5dca2fcc30d0855be4b10643ea75b97c71,0x50adf7a75d7cd6132acc0a2fb21c019011286635
0x817e4317e50ef0e4721d020bd8b5ab775d207d6d,0x817e4317e50ef0e4721d020bd8b5ab775d207d6d
0xb2fad35cc1eefe58746ef65b2f33d7fe4c0baea4,0xaaf5feaa9e5694b2b293e67558e2da8ea4b1fb13
0x4c85ece5bbf191d3e1b76934c8372d4ae3bf6927,0xe024f317cd7ae5cf4f6c527be180f6386f4a199e
0x51abbb548bee5d3c0a7e7658de9f33599b1f252f,0x2a6591c5173174126559916bf9fafc87d43bee7e
0x19e90c5331a747661bdd2887a6f6156a1eda2ef9,0xd5b6f5815c1f8feb0a87b3f9e09171aa3a9ebbea
0x38127a32b7d90c24cbe9ae2945c445291e4313be,0x38127a32b7d90c24cbe9ae2945c445291e4313be
0xdead814878860885134217232939964099201083,0xd71de3cff7be0cd29eefe4a9f67fa57276059bcd
0x686ec13a3e0cc3fca8d690be6039eebdb20cb726,0x50bc099cc05091510b59cd15150857200a6d1834
0xcdfbeabf8772f437a9a6cecb41fc8c731915248c,0xb1e6e410e47ab975e485b3b23d52b4eb00f5a779
0x8fb26ee2e6f5a784be68c8e1a0795794a988399d,0x792cf37f76af2ccde47e56e34405b5254d3badf9
0x9ff84b91998df96a6587db8dde8d4e47518107d6,0xaf301de836c81deb8dff9dc22745e23c476155b2
0x77ee6c8130f5b2c0e87feed466c7bf182792c5d8,0x9195b64a5804ede374ea62e7557e8d6db3627b78
0x898feb534da419da58f7c721e2b0425adc36eeb0,0xf282f97d913404512919914e48bb0c5e35cf0483
0xd50a9c1bbc54b521132b748c25415b5a17674172,0x6530e61a2cbbb92ce237e64c2ae9f5082d38dacd
0xe0c79066488a15b70361ad8268d713b05944a4fe,0xf459b83f676467e55ed557a45b1e64569450f051
0x68d8058683de340e6a743b073344e8c06ba811d5,0x0312b8954b0feeaed741ffc9d8b9be939d0c2957
0x275f36a8a2f0d9626427e5c93edb74c85ac49ae5,0xb00c4875c01da7a6098f6844bacbd47df8d1eb33
0x279a4624f910be8a28a86fe68a6c344b4124bf34,0x417f82213265add2a79ceaa0117dc370fa73b1aa
0xc0b54d4b9d2f10fa883ed1c36212eddf97a43cc1,0xd8e0016879fe8904988315317e622e48176820b6
0xda8774d99fba48cfa13344285259401d93304a60,0xfa9dbab87da24fa3716c084cc8f9cc4f5e573849
0x46bcf2b24d0c0b6f8e68597f7d3926cc9832b441,0x06044b5359d8df7886366c22c61c7ecd29becac7
0xe51231daa306acf16eac34a864564ca36b262a1f,0x64554fce8fd59c620107743d7865ebcb99801a77
0x61cd87b1feb6b3b3c593c230d441384fdd9c1d0b,0x2a6591c5173174126559916bf9fafc87d43bee7e
0xbdf09185deea2e5c6fba4084a06f0c8335266776,0xad5bbed1018a3245499c0bab98971d2a0758ef43
0xf75b292ea8cfc4c9cdab8a22b8cc7218c9cd4d41,0xf1f1a03d7ecce650d30951b5166c39e75d4d0d2e
0x59ab1bd1531e79c52a5e61b54f30fb1dc7da0af1,0xbdbf4dd16c932ab149e708fa9081baf80f09dd3e
0xa29dbaa84a9949a0a38a2ba07e0b75e6603934db,0xb14aa1632cfdb5c2fddaebdf2a25244c23385a2d
0xf08db5362f49b19bdefe385f6276c639126f38d5,0x4ea4d86c2dcadb881bccaad5d28a14b80d6aa1ef
0x21c30d17d9e61ce139dfd2a3d167c5752246b938,0x4706349cf2ca0ff95bf914e28ed42ad3456d6429
0xebe5c436b1e82eb59c6a66f6ef4544b815a49890,0x3a567303b207c6d906a8fcc380a2c307ece7051d
0xad2a146c002b9a081d5824e37f785dfbea3500f7,0x7e6566ed978d7f631e9147d53bcce4b4296834ce
0x8fb26ee2e6f5a784be68c8e1a0795794a988399d,0xbaa08ca553ccb719f4c1aad32479c3b4fea9dfec
0x6e58fd99e3ef4bfb7ec6b94d150c7b6af2bd8c4c,0x05766bf23145eb47add05067055a66b3a5c9121b
0x69034dcbbc9199160d73039f0d757237694d5d31,0x01a52ed3b2fe15709ef5cc9c5ff5a00fc6707bac
0xbfb308b27def6e564b1df9e8a608d4bd3a93cf3b,0x792cf37f76af2ccde47e56e34405b5254d3badf9
0x996f5ccbf2856137744603b382de559b78a096fc,0xbd90664c856ba3a95d2eb15f7c007fed15f62ecd
0x2ecb42cc00c79f9eb8df4ec72e82ab8dbd027eda,0xd474fa08e5ca230c58a83e12eda4c5c75956ef86
0xd797cc06c8c91ce7f75637a24f940c4479573b9d,0x06044b5359d8df7886366c22c61c7ecd29becac7
0x67168517c1d0835147e2bd66e40a602e9fb9cbd9,0xc74d1af789f5a0223448db69a1b56c84845e17d5
0xf177e3eb8a08ba88bb81813abf2f3e0e628d24a2,0xd88189f7dee6e5dbd6cbc6f06fd357f4bf7f330b
0xc73e4eea6f31e16bcea8b19172d6ab36809bc8ea,0x00b1794d38ed15b09dd540f8d53ace8faf09bd81
0x5bcc3cc8aa860e3277144b8245a54143b32536ce,0x8d094bf53fc27d455429d639d1405dcb356d7de5
0x461f635488972409981edbd043834dbaa7239fa6,0x91060b0a021f1b61cb26ba4fb77f2c108b11e227
0xea39aaca4e2c5aab29b1b69b906fa9736216fa75,0x4ea4d86c2dcadb881bccaad5d28a14b80d6aa1ef
0xa2025c136089fc08854bdcdd4fd8fde4277a9027,0x59c0291fff1aebd72b99aad8cdc08f1e4d6cbe28
0x4e68936db17a1cc5e7f31aa43cebf379730fee22,0xc3d50eed26a547963bd098aada70d8782e90a6dc
0x03d15ec11110dda27df907e12e7ac996841d95e4,0x92e52fad9a5b14c4fb95abecea665b66266e3940
0x5ebe84804485d4f49a392ab5ec618c324ab78fc9,0x6dd79d7633bb2e60b3ff438b3b105b859c71c358
0x79376bbd0245b238370762245f76d552a229d742,0xda28b1eb9450978b9e3fd6a98f76a293920ce708
0x232934b92b67af449b75e6cc5a12a7ae17ccb5a5,0xa331ea4bc72b455aea8ef86e36460a255b04f506
0x5c9516c800b12f7a43cc2992f75cf607847f6cbe,0x6530e61a2cbbb92ce237e64c2ae9f5082d38dacd
0x43c50d3ef219d319a0b4373575d87eda744cd2c4,0x4706349cf2ca0ff95bf914e28ed42ad3456d6429
0x369987decd26db2b72c1218ea6692b79fde04d24,0xde36d7e2644b0044d6e251f7f96ca56447872322
0xc5848eade0a456df2b6a708b9411dd9f98f0ae92,0x0500db413c88b5de8b8f1c9fa753e6273b923bb0
0x8efea4475ded9a1b41f862cbfc9956a428507315,0x607caa6da78804ecd91cd113c64ea1541dcc9d26
0x79c8c196e5b55c6eb1778a064f1c3f95a87f5722,0x86cf042718e43cbef2126d0d7750b6b346fa8c42
0xcf081687d90447a5d7cfef3d26ac78bd191ec2de,0x644628d696fd07fcd8bda2e8b9a680734cc80a93
0x2ff7913d16bbd79136b015034cb54053607ac58b,0x6c32885be21d92811642b74c3057eb05dd5ce5b5
0xc125dd83ade9b2d9f477f310056b8916d2624bdf,0x47bf5655de2f71f81621951bc1aa51ec6d0611d1
0xbfb308b27def6e564b1df9e8a608d4bd3a93cf3b,0xf4f758e806996880b0d9a3569842dc9fb8a0b21e
0x434530445be3a7b3bd3e58a3a7cf7646b4391283,0xab8717148e13931bf9b52034302b0b1744bf2ca2
0x3b06f4fcdf17cbcd4dc9681758950f4406475f05,0x195f7660f712654eb67a89e5cdd18e8b95bf1fc6
0x2d40e6cff578871980a7377885dcdc9f8e534d59,0xad801483efced876060c34c7ed735282ad5f2021
0x6b558c075dce25a9daa5fa2045a6b302acb80308,0xad5bbed1018a3245499c0bab98971d2a0758ef43
0xfcdc6352821b3e72a724117d5b56e275327d5fe6,0x262d00769bf1f5e68d13d2c04b7d9555aa5029da
0x1cd2eb4e9b2efaf76fc6637b5d3ce3498d5c5000,0x6b7fc97a8ce829b9f90328ef2f0e6e467a7636f7
0xb4d6eaea0009cb185b7b4907245676000b8fbab7,0xe2cd330e79d14eea946ab51961f787feed61b8bf
0xa820902d82badb084f02d38b036c19444b953591,0xacacc26b44fdb92546e95e5eaa2a1a63fbc79ad8
0xb6af7c04f67b5eb61f0dc7ac4a760888ec3e3887,0x9c5083dd4838e120dbeac44c052179692aa5dac5
0xa8a95e51543dda6deb0ca0dc1b118658c0f98082,0x23010d869f48b82ebe129c3a39616de795029d9c
0xfb5e2f6c20a00dd6901786bb3d70b8126c1a0099,0xc62c539a7a6fa03f416f7d284fcc785517a607fb
0x90203dab360ccf254d5b127202f2d110b21f616d,0x8fc35845f9c6109fdfc5ab5b23fac8269d10a3bf
0x19aa0ebd73eaa39e19b4e1bb42ef22858766ef96,0xc48d7f00e9ab747217319b782186c319f4304ed0
0x4ff2dba438a054908a27acc5cf0cbf1f6213d50b,0xab73ad3e093e3f67049601ef90020f5b64c19309
0x76f6e59137a05cb3430e9a5ab9ce61fe0fed9ec6,0x06044b5359d8df7886366c22c61c7ecd29becac7
0xf5e43529ea5f4fd7b1ad819dacf8632a4c262de4,0x91060b0a021f1b61cb26ba4fb77f2c108b11e227
0x2809a563647952e25d00b8929846eb248fefe506,0xc48d7f00e9ab747217319b782186c319f4304ed0
0xbbbb1e5810998581f7977e9f5fa98a3250cb809f,0xe024f317cd7ae5cf4f6c527be180f6386f4a199e
0xcf081687d90447a5d7cfef3d26ac78bd191ec2de,0x50adf7a75d7cd6132acc0a2fb21c019011286635
0x825f511115820be9142f9966756e5b8db3c1c94a,0x607caa6da78804ecd91cd113c64ea1541dcc9d26
0x5a077d5a13972bdd7292e1db7e8ee510bd0decc5,0xa9c0f89c3745d7ecbdfc5c69037d3e396167f285
0x510b215b27aec73f3e2f2508f895dd037f3f8be4,0xc75a34b58a6547e243c8a29e18fbe58b36363a74
0x417f82213265add2a79ceaa0117dc370fa73b1aa,0xe47abbe2d0454f5b61c8abe54bd139dc3437a02f
0xf0fec45ffe0fc6f9957efddec689d970d5030493,0xe024f317cd7ae5cf4f6c527be180f6386f4a199e
0x243b2c3c8c61106eb223c1bca6287307890262e3,0x458219485fd43d9e62dde453f854cede0afb5913
0xc2826ac1c058f5e20076287dc4f1e4bcb587f594,0xc48d7f00e9ab747217319b782186c319f4304ed0
0xdef57ccb20b1f2eaee0c64aab3280350f84cb0fc,0x45f1e5d98b7c338cd7cdcbcecc47ddef193674b1
0x22dc297cdd314f4c47422f4ab7b6218316af291d,0xbc8d822e1b52f9c5e1816300d8f45bb3e081b386
0x762c33949e6aa8029ac122f983de675233d446b4,0xcd3b41683e4565e958a56b08521f228a96813eb4
0xe0507e21accb3301d4eec294b6b95b4a700d113b,0x4ea4d86c2dcadb881bccaad5d28a14b80d6aa1ef
0x11fc5142cd14eec20f41726b3c1cffad22c336eb,0xa12d103eb5aa1d3fad73d26c76ed69a4574b91e3
0x8c4f36899e76fe84e160197fa309ddb443dd6c0f,0x0703b1e93f4746c08058d57cf68e6fe3bb80f2cf
0xe4d89e7b5277903e5fdc4f0bd7ec8cff47bcce2e,0xa1176855da27f4ed3b89b2defd4aee06bb9ccdd3
0x788fc8dffc33be73a0162dbcb16d04eab516925e,0x3a4dd62195f4dcc3d3c2517f2bc699594fe2cbb9
0xde64fff9dc79784d0a2b8b7f8029885ced90bcd2,0xde64fff9dc79784d0a2b8b7f8029885ced90bcd2
0xd88806c0f41e9d9f3e8e890743e550868e30e647,0xbc8d822e1b52f9c5e1816300d8f45bb3e081b386
0x73296ccc3f77e08c52c81c0fa3f22e3329948f56,0x1c60768a238e3d2a54337e3dac7b65d11a299975
0x0b0b238e55dfbe8b9500a927079f7ddd2987f921,0x6d9d708278877d474319e63b08f8b7440774d720
0xaf301de836c81deb8dff9dc22745e23c476155b2,0x386e01b5dac730f4ce4f58d905bf4d2fb87b8560
0x535e6ed3f6f021f5df26b01aae2f75fcc05eca2d,0xb1e6e410e47ab975e485b3b23d52b4eb00f5a779
0x65b9e2138dcb91be48f77f234838db5fe46807c8,0xe44799ef334df157e0f8e2855e5ebebdbc02b299
0x35b45e94c8cf9c4519c3227565bfdf1bc5009b88,0x870ce4cbe75814672c0f1e62d3d19474dbca2edc
0x9d9e6c90d93e7ff0db520e737bec4012ea8ab7a4,0x15211d3cfa3a97da54c964396542b166d269062c
0x95bd01bc6eae5cdb63a3c29b8e4d4321d4e652fd,0x14537b5b4590493e036dae787a0205c9c30369f1
0xde64fff9dc79784d0a2b8b7f8029885ced90bcd2,0xa65e1443440073106fa37b833ef821d22ef20b20
0x060c433b309bfff14dd6f2db790fa7928480f5b6,0xfabe4580aad1fc09636d522d4a53a4c037e055d8
0x50265991a1d83b0e065812d6b53e4cb6850ed4be,0x50265991a1d83b0e065812d6b53e4cb6850ed4be
0xbe571568050fddab40be185490e244c5c2b687c8,0x49960e4520e57e22a3fbed5a845bf620dd7f8d62
0x0b157ac0a65319b0a18aa46b0b0d4497e1074456,0x607caa6da78804ecd91cd113c64ea1541dcc9d26
0x4088dec9e3ed74558e4e2a62f52933c669749438,0x35195fab081c9213f078452d60adbedbb2cc0b25
0x7b19475949413b56bb0a65e5fb160f102aaf1c1a,0x5021c7b66f885cf804ab0372fdfcc00db85008f6
0x7d062f427b77e1fac0f04331b2b61376abd27097,0x792cf37f76af2ccde47e56e34405b5254d3badf9
0x23bc95f84bd43c1fcc2bc285fda4cb12f9aee2df,0x8fc35845f9c6109fdfc5ab5b23fac8269d10a3bf
0x9333f0a30619426665a5b5a67995b6ff9bce4e51,0x947d5685b9d1aa0141b0b53b437c4ea89f9ad953
0x6c904b3bb57865516a0d054ccfe7449e01b85421,0x94e102b8f08a5a2b584e7911e9fc60bc8c519f70
0x57bf3b0f29e37619623994071c9e12091919675c,0x6b7fc97a8ce829b9f90328ef2f0e6e467a7636f7
0x75a6b3b01980bf4a78c7bdeca563d04f2dc60de2,0xd507833ac6de16774333076e748d4f886ae5b617
0xdee9ba25415fcf8507a036c2efece4debf937899,0x5f245656e3294d3d3dd10fb82e51913d5a4b7452
0xc48d7f00e9ab747217319b782186c319f4304ed0,0xc48d7f00e9ab747217319b782186c319f4304ed0
0xf08db5362f49b19bdefe385f6276c639126f38d5,0xc3d50eed26a547963bd098aada70d8782e90a6dc
0x5e4a6c0d94b00b3391b54b8537c8e17ae16fe116,0xe61fb2e9abbd278ce3829ea93e858afe198a5f8a
0xad272daf59ebe54a828440fff16c0f6129dbf0cf,0x83ada44c22bf5bcd31170da91edc1862fcd23540
0x7b9deffca9356a99f95759afc6e709422d845a7c,0xb1e6e410e47ab975e485b3b23d52b4eb00f5a779
0xdbef06c63acfe24283140a132819f1e8be60c612,0x8fc35845f9c6109fdfc5ab5b23fac8269d10a3bf
0x07c9aa769a0c86c69e9c1f4cdc19ef55e0fd1abe,0xe024f317cd7ae5cf4f6c527be180f6386f4a199e
0x3c90b8ca79b22919a55d4c9667bc4884ff9be464,0x25ae6e8922700e8c96719146d978afb16c0406ff
0xa113e112187f1444bd04cda391c41deb54df8a77,0xc48d7f00e9ab747217319b782186c319f4304ed0
0x553ebe74dd5a6e298d1d4d60bfd6f2754755e6dc,0xab73ad3e093e3f67049601ef90020f5b64c19309
0xce824663bccb32e2dad1a8f2a26b698290417b34,0xba299a1fe0da7b443bf444fdcd0c2a5f2506d2b1
0xb3d65bbe599e7d41a585c02f43bdeed868261396,0xbece9e44a849d8881227efb733217dd8c95841b1
0x1c67440dec5fe29cec73db06ac07f07697fd4df6,0x32848af4117abba19d750176067b962578b8c17d
0x4af7d85a133eceb3eb714d4f010ac2e2868365d4,0x05766bf23145eb47add05067055a66b3a5c9121b
0x0c40bff248ed5d99d294ceca8826c7924f745134,0x04d1e3032002bf14d508b9be1272bcd391991740
0xd10d4517eb1bed6fa46cd2c465628c0eb4ee7bad,0xe5649a4f2a6ca058d16cbe066ceae63487cce345
0x365d2c5220989a068d8b0e95625875c55166297b,0xe0e484dfa7f3aa36733a915d6f07eb5a57a74a11
0xdd4c48c0b24039969fc16d1cdf626eab821d3384,0x8f15269e14e2621cd0f3f5394a1b3fadf495bde0
0x80e623364c4e902256a1ea8525582c467e7fef08,0xc48d7f00e9ab747217319b782186c319f4304ed0
0xdd6fc573cf73701aa31834644e245d9fb5bf906d,0xdd6fc573cf73701aa31834644e245d9fb5bf906d
0x59c441480e2a7c20048e5b5cf8ed583acf8a2084,0x0f73f298e946ffafb4acd1b18e4ba2fbc393ad72
0x01dce805d42e8d278fe58910d726cc23538f7f67,0xd474fa08e5ca230c58a83e12eda4c5c75956ef86
0x25f677051626fc7e1d0674c36c3bcc945ea990a0,0x04d1e3032002bf14d508b9be1272bcd391991740
0x2da4e1daed2872e4b799954b1bad489515e9f85d,0x48048715f727c00f43479c902745d83595343c77
0x3df2630437dbf3f69066f899164ad8b500f1b4e1,0x3f19fdadf6e76d8e3fa63573ad1b2a5e4e26ab3b
0x5ce32d3ce28ec155b2f5671a365fbf340785b1aa,0x14537b5b4590493e036dae787a0205c9c30369f1
0xd40765d8c5f4299f55999c7ffba8e137af694d1e,0x1f374f5baca9d3b24a32f779a5cdd8dc0cff3890
0xa215224066a5eecbcaaf6725183228b716eec0d4,0xcd3b41683e4565e958a56b08521f228a96813eb4
0x9abd86b849aafa01e4f383690cd1d5595c2b2458,0xc48d7f00e9ab747217319b782186c319f4304ed0
0xdca1ce86fdada01d3e6e602d83e882789c09f94a,0x8d094bf53fc27d455429d639d1405dcb356d7de5
0xd2269af09e9fc13d40d1a92f10c2a6ad6296c96a,0xdb8ebff9158deacdc1c1ea92c37540e0c93cfa15
0xcf3229a47bcd401c4885568a4fbb29f6d3dcc9f0,0x417f82213265add2a79ceaa0117dc370fa73b1aa
0xcfba4ad17f0f141f17be7f585225fdc3c12704c0,0x14537b5b4590493e036dae787a0205c9c30369f1
0xf5e43529ea5f4fd7b1ad819dacf8632a4c262de4,0x3302e717bf0c589b55b3066cd02d2eeadffe11e3
0x458219485fd43d9e62dde453f854cede0afb5913,0x0c25bb359271c6aa9f4e63ee6e991e614bca5106
0x76433f75f03af38621937ea1df9d2afd7a40e945,0x39e19fef500f9d57eb71178fe872cd5c975e1019
0xa3909c75180f144f201616f71edb000ba5b84b20,0xfd4f88260d6a727994adf39bc23fc4fd0766708f
0x47b0d34bc548d5eaae8676086a71f42c1dfbba7c,0x6b558c075dce25a9daa5fa2045a6b302acb80308
0x6c3e007377effd74afe237ce3b0aeef969b63c91,0x6c3e007377effd74afe237ce3b0aeef969b63c91
0x9c3e2491beac37e159249bb2ad70caf22ae7230a,0xaca11ad3410aebbedd3f5fa4be9b7742f9c04fbf
0xca58fbed9e5d0c300ef4e1e0cd3e62cc59d0df5a,0xf282f97d913404512919914e48bb0c5e35cf0483
0xae5731629922672a15ab2a79c66baae56aeeb160,0x6d9d708278877d474319e63b08f8b7440774d720
0x434530445be3a7b3bd3e58a3a7cf7646b4391283,0xd8e0016879fe8904988315317e622e48176820b6
0xdee9ba25415fcf8507a036c2efece4debf937899,0xcd3b41683e4565e958a56b08521f228a96813eb4
0x27a088ae029904e7c3ae68547685d122c2ceb0ca,0xc48d7f00e9ab747217319b782186c319f4304ed0
0xdf74e09043322292a392f0a214e84521f1eeaf84,0x3a567303b207c6d906a8fcc380a2c307ece7051d
0x63923ef026aff6f2cbf32308034153bef5f2c444,0xe2cd330e79d14eea946ab51961f787feed61b8bf
0xc066b780259d231f5a444697b7979c9b26ab7ad9,0xcd3b41683e4565e958a56b08521f228a96813eb4
0xe484fbfc9ea524f8200b3ec2781eced5b6111ee1,0xb00c4875c01da7a6098f6844bacbd47df8d1eb33
0x9968a8a4787d69e35a32044116714fc3c9da7a53,0x95420c8f22c95e94f0c443d4c075b819644014b0
0x25cb503c7bea295c250da8ce406d4c8867441755,0xc48d7f00e9ab747217319b782186c319f4304ed0
