deposit_hash,withdrawl_hash
0x84508c35b90983284f9605117333ed9c379be64bf82f3c04fd7338a1a3b5dc62,0x6b1ffed49640dce414b1110fb8111c6e6d5cae0707db526b4628d1088a0ae0be
0x5018fe2c5bcc2a062357edf5f367a9237c7b332a937646ba3489bf3a9b6fcc9a,0x0f742f92162f7a30c07d314a891acebae3baf229a667ae571dd501d25fa61528
0x3156e68753b1d12cd68da86a45f1f2b96b48c73c3d982b193c75b4cee0e7a44c,0xf6b761a8d27dddf0710b4cc2c0c5f8a1d740b5500cd62021c7f91dba05aba966
0x8c72a5f48918f1c6a79ce219e042ddb81f1a2442138a99c7272d4856bf58246c,0xc5205147de3a60cb321c005e59a8ea0004bcccb8389b9a48540b628ab4767f77
0x6a082db2993c2beaa1134cd3f266d9b79b0cfad43dbc635b4488ab64106ab452,0xc40d7044612eae0ab3986df553b0043374516332f53581480c2f9570c2faee2e
0x5018fe2c5bcc2a062357edf5f367a9237c7b332a937646ba3489bf3a9b6fcc9a,0x60bd987f24c03d889efeb6c0adc7ccea325d9237b8890f66623732515743c997
0x5018fe2c5bcc2a062357edf5f367a9237c7b332a937646ba3489bf3a9b6fcc9a,0xa0e14aaed7998d8c3ea94d522d7a1f7ca13891ad2195f72b74648245db0c6b83
0x4cb1619f2d51cc7ecb926905747804e589765634ea737d957a19383a7c32162f,0x212b85e840b1789d00e4ea41ff2317e146ec1fe7df6994b3c323f507ef549f9b
0x3b81998758b17d407c129307c8f2ab0fd5066de0d6c9432be81602257662f4cf,0x208d2874e7130b2e1428ad1b688d3562448606257cfd4e30785b4d5275372eef
0x6ba3497e6669d9610d2cdebbd39ed96276fdb9d8f0829ff624e664b375e81d53,0xfe4a39697fdda82a92261d00d5d5289748089365f788bb8a9571947594d898e9
0x785c4a2b73b892791d609e8f622aa7e528579094bc93ec2c4ac88d19a333dee0,0xd1e60ca57d2205c7e5a3aa5209b799329e13276b11185bdee4ece0d8ac719fdc
0x6ba3497e6669d9610d2cdebbd39ed96276fdb9d8f0829ff624e664b375e81d53,0x67b721fcf077a6d9d9c209223e86d7338803dc3ade454ffa6cfe20bfd95db07f
0x6a082db2993c2beaa1134cd3f266d9b79b0cfad43dbc635b4488ab64106ab452,0x67743f9f612e8c955aace4d4ba02e75c377abd10edfc570f0e08b668e0c80afb
0x3156e68753b1d12cd68da86a45f1f2b96b48c73c3d982b193c75b4cee0e7a44c,0xcf2068d540431de6f6f3087a6a5f3277e53f1d30a82141dd2e988da66c30fd75
0xbcd359d0323dc74c7a246d98cae706c75a6b3b5182032dc3a54482e4dd4d6a1b,0xb07d06c8ca80ce4052954393d79b2f95d83034607d1598da1d8ebd8ba459527f
0x2e80b0d9fd376be5d9ac5f36cb0138be825754a7870277254f19d0da5f2258fe,0x07d93a56caa77379ceee5922bfec8ab479cbd0786bae45c7dd2dc02a56efe342
0x0360baaa220ad16d11edc64123f17dbdbc5547904d50c709ed427356acb98723,0x8bc97531ba3c3f095668a76081a89389f6138e6d504acea183e1b479c32beb48
0xbc84c6add1cab4d61ccd09ce0e35fc24999e74812282bc035f8fe500f7f117d7,0x65abf206a39f58d84640e9c07173af24aa6165f2556dd281ae2c357cb645dc63
0x0ee236b6536ff8a8bb7177110a3738e11377cf2ca5cee5651f3b431d19baccf5,0x5e694ce1decb0776abbdf4800baa3e48dd39299cf85f018fac831a9659757e2e
0x785c4a2b73b892791d609e8f622aa7e528579094bc93ec2c4ac88d19a333dee0,0x4aa12f241545d3f0fe06bccaf819b043bcbd58596deb9e330e51f288f57361cb
0xb470dd2f7b828833af1eec5c73eb2030397de7adf93a342ec10c054a70894cb4,0xa06f6d2aeb22dad1c22769ae501635c5a1f810ee982bed5ea5aff1c41872fa6d
0x6a082db2993c2beaa1134cd3f266d9b79b0cfad43dbc635b4488ab64106ab452,0xfbfc7232dacc8c9f75081e433099a0d54ee1b636ee4137c2ac0c1867dda96668
0xfec3f21a8fe52826207d1e67cdbf16bdf93a0e33a0c7d4cea8594e50174ce37d,0xb0fa05b19e425d4706c6ff72ecbc8526b3b8ff598ee6b50edd6234bbfb019ccb
0xb470dd2f7b828833af1eec5c73eb2030397de7adf93a342ec10c054a70894cb4,0xe0c5c5bc7222669d1f06761e284cad18899d58970bb1fff54e4b16d4458f4e5b
0x5018fe2c5bcc2a062357edf5f367a9237c7b332a937646ba3489bf3a9b6fcc9a,0x2e772e476850c5f6c8889f868ef07a4013553a903c678488d9c7c6f4dcd4fec9
0x63414c4a971727cbe13754e02d09bbe18550411f0a9638798c4405121701240f,0xafa68f4ed7c28ff680332a42ba8baa5743554ad98bfececd1540ef66500a303e
0x00b6cc296beb65377ddb94e2b135f78fa6f26ba3a1d770491aeae0c774b7042f,0x9cce29f823b1f02cf15fb86fd82a911c544f606d553cbf1af3ab08ceb07e8ea6
0xa3f4103f3df335a8e134ce8c8e4acc8f7fcaa8e8aa342ce3e238394c4c0cfea4,0xc196536941e6dc95a0f51275dd1fb8415e6e58225e112978189b8679ab398b47
0xd28a9b817377bb219208c4a04602a606865a890b0e89c1cd4464e619961006bb,0x37fecdeff42d8eae67160fb54170d8061c83cff897ff4c41c7c2526c1007e3e3
0x1cf1ce4d853c7f7df4c44634e45080e6c038dcd0c4e651920138477d225cdd72,0x4af6aff69b0961743ac2c451f191fad1310e86f3771d2f1b01598d70d5cac041
0x35a464d0e00fc398607b092f7b3186cd6c8ec0c82f6f4b6d9978c71221647671,0xa516d92f97a46d278cbcbe583e6fdcba3039018645b158de14ae6067b7e8ca45
0x0ee236b6536ff8a8bb7177110a3738e11377cf2ca5cee5651f3b431d19baccf5,0xc8a33616299883a50a41be01e73c5a55e5b26bdfdf03741963aa4375feb18872
0x5eafeb7c9d47070dd1747ba28de462bea9e8ce6428fc572920d5793810a98f64,0x5dc2dbaee274f6818df81a91ef93ee57ba87368e87f61dd403ad274db8a65766
0xb3a4f6848888292c4fe1ffb8aed2c456ab56010d82ac12f167b5475abaa29eee,0x537f33ed7ec6cbfbbd0da246fddaac3303f83e3d80c8658bd03dd82c8d6c8549
0x1cf1ce4d853c7f7df4c44634e45080e6c038dcd0c4e651920138477d225cdd72,0xf12a694b5e86778d2c01449c9de2cd52b170160d954583a653c4e52ecc057be4
0x0ee236b6536ff8a8bb7177110a3738e11377cf2ca5cee5651f3b431d19baccf5,0xcf53ff0dab3041669a17a45cbd3a4395a2c4e526377c1eff42097f902a3e1242
0xa0b8352e1439631a9147fa5e1fde2fc4138ccf2f133963f005e876f7aac1a08d,0xa78d3e91929343620ec799aa82c8e4521cc655df904c2bd1ab150451eb64a0db
0x21f77ab78c38f7a5fe278a2cb17f491dfacfb229c3aa519776249c4a7c59ec68,0x0eb49f0e69f30eabc5c4b09da5d4fbc0021f2e17aa270abfef7a40b2ff3b1de3
0x0ee236b6536ff8a8bb7177110a3738e11377cf2ca5cee5651f3b431d19baccf5,0xffc4a65cd3ddf4c8f9a9b007862810c705c62236c241016c3c7527f3f8909707
0xc1b579a9c6eb6704dd9c606669130fb975e799ca424bf3ba7d5a3d61b7f14333,0x4b439f2c7dadde1a2ad652e669ed0e0ce8b9ec01415cdf550a41d998ad706147
0x03f9651e9f2eb9ae005b2ee72a5f15c3a88f49a247970f30ce768a646e160bea,0x861ecb7278f01132b90542ad9ff0def652beebde440539c79fcdd41ad8de5e76
0x00b6cc296beb65377ddb94e2b135f78fa6f26ba3a1d770491aeae0c774b7042f,0x83ff3e78a5add2988e8052a728108e6968eecbada03a9b599e010097a73e4ae7
0x00b6cc296beb65377ddb94e2b135f78fa6f26ba3a1d770491aeae0c774b7042f,0x1369d65b797e7713c887c23c7cb29f4a3423bbbc814b6274f638a3c43b3493f9
0xfa1414e82c8acea9a304d7831ff1f8c7f2a67c81e5e059711e0b3adb56ca9a50,0x79900ee479fd7f3308416d5a2d8f92f2c89eaa442fabb0c283a37980468b8fc6
0x99f9eea1c337b8053b0dcec104d540d826a02f02d43931d8aa3c80ca57ed092d,0xa2c5e05e0f70e8b9cae0958e6e78ba9c4c36315ea5fd73a7743286f7a107f5c2
0xa3f4103f3df335a8e134ce8c8e4acc8f7fcaa8e8aa342ce3e238394c4c0cfea4,0x3a93f58715179fb1535cabf3bca170c0ebd52cca1e7bbf1e891dc8e3ad5fd651
0x1a1ccd82ac378c4b9ca8a03e2b434fdf9ce5704c2aed3b9b16bd9f03e3c103fa,0x84bde565941cd08c07487223cf28fb4c185dd30da08d1ad191788e0ba7e5689d
0x0ee236b6536ff8a8bb7177110a3738e11377cf2ca5cee5651f3b431d19baccf5,0x805dd7548f22e46eab79d649c70812953af8344339dbb815a9fcf6e6973a7ee5
0x0360baaa220ad16d11edc64123f17dbdbc5547904d50c709ed427356acb98723,0x6f72ec92e917f98f0dba88432247fa24fe7e7ff334ee34390d0850f270476994
0xfa1414e82c8acea9a304d7831ff1f8c7f2a67c81e5e059711e0b3adb56ca9a50,0xe9a6e6a37c7d2fb10ba2c5fa737eccb9b22b3d2e9454637bd940b1a7ce22cf6d
0x0e63a213470cd39db82a2ff119877a39208b30a6cb1983882e5473bd6d7699c4,0xbf5207c416a46e04e54b64851b1b2895ef07137089523319ef4360dcb40a3b3c
0x55acf88608d2b089c1aec066bce8891edc5b633059c667b2082ca4d5b597a38a,0xd5e382455b3ca178055e3bca3422a5146d7c126c483d5ba7b4cbaaa235cd1052
0xb3a4f6848888292c4fe1ffb8aed2c456ab56010d82ac12f167b5475abaa29eee,0x8821b4261cd0cc2ff9ec275f48fb9158718120315047d6a4bf24ddc30d25c0fd
0x785c4a2b73b892791d609e8f622aa7e528579094bc93ec2c4ac88d19a333dee0,0xe5d51e0b4fd7023222e12cef90ec21b6b8f023df6814b7dc6ad626bee66fcd86
0x05443a4b2776cc6b6b4cdd5b6283c9f529960e3ef535e6827a1dc2b76df0f6df,0xebfcf8a41072ea882dd7c66f98451c8741fa85405055f40297601ebc887d433a
0xfa1414e82c8acea9a304d7831ff1f8c7f2a67c81e5e059711e0b3adb56ca9a50,0x4f8fedf3a1ac16076b83598e7aa098ac4ab56818c70b22dd28147e0006c075ca
0x00b6cc296beb65377ddb94e2b135f78fa6f26ba3a1d770491aeae0c774b7042f,0xc12c45625288caa8c1bf50d35ed1c02edef84b458962cf8fe13de519c5f6480b
0x00b6cc296beb65377ddb94e2b135f78fa6f26ba3a1d770491aeae0c774b7042f,0xc52d3ec02f53e92139db27f8906f27b8ae54fa4ad05805a6d92674425f38569a
0x49faf2ca7812aea470431cd4fcdafd775c88c1e24bae15c664941d102ecf31fc,0xf826384de935d609bc5b476ecfdfd7af83a33fcaf7f6f94c0b7f2368e43e554c
0x00b6cc296beb65377ddb94e2b135f78fa6f26ba3a1d770491aeae0c774b7042f,0xe66c8f4445866a53a493eae30ec7c2589e0dd08160f5486698ccba64c1900f1b
0xc6afa31ec0529b4140e3939ece098bff44bc3c126f88a9736ad79de12153c634,0x81d03e0c8ea327fb920559941935c10bff6deba5ed2f82523dfdac226afe4f9b
0x2e80b0d9fd376be5d9ac5f36cb0138be825754a7870277254f19d0da5f2258fe,0x6522dedda317bcce57cdfdd9eed0f12b467b5331bbddbf653a9ab0d699d9892c
0xafa5ca2ddf0c2ac2a31a46fb336abfd5128a2dca7c083d672b2df8adba766aea,0x179f055f01ea8f3b7f775558f41632f16cbb2ce7c83e6a52a33ffa62cfad61d9
0x0ee236b6536ff8a8bb7177110a3738e11377cf2ca5cee5651f3b431d19baccf5,0x4243f989eb3c9309cf63da57a3b58cae98ceccbeaa4a42697efda4a6aa2f0bb7
0x1895c158f925e314364c86361888abd7d0397815f7fb3117d2ece566d7782884,0xa9b21200efea3ad46fef653635a47a4b95457efe8a04b23d573aed1ff788a9d8
0x614d7cbebfcd3c8ce0bb1c99c20dd0087aa916b7b4e1f92ffc5283a1bb8b6415,0xfcba8081d4de91312c7de1e9fc29384e8d26075b734fe7d29e4f2f6a87cae4e3
0x1cf1ce4d853c7f7df4c44634e45080e6c038dcd0c4e651920138477d225cdd72,0x6767265318c144a15163e2c1725ffc0a83a0635c28799a18ee68abe94a71a4bd
0x0ee236b6536ff8a8bb7177110a3738e11377cf2ca5cee5651f3b431d19baccf5,0x30d4a2dcf2e350615a975b66f8b71d084c78d97c5be4131eb7a4dca587260717
0xafa5ca2ddf0c2ac2a31a46fb336abfd5128a2dca7c083d672b2df8adba766aea,0x33da2ef6d6fc06dcaad6a36746a8a01abf6371a7cf7d26d15c281acb43cf2c27
0x21f77ab78c38f7a5fe278a2cb17f491dfacfb229c3aa519776249c4a7c59ec68,0xc24ca32dc45fbae3ecd2038c982de9c874f2ba0180b16a8ae8ca8d468234ad07
0x1cf1ce4d853c7f7df4c44634e45080e6c038dcd0c4e651920138477d225cdd72,0x6bebccecaefe316dea8a455771d034404b5129cd03f99bdafdc49f885d25bcfd
0xe9655385c54ab3897e395917e9b29bec9d5b62b977288a42647d91f26e4be5cf,0x39b83b0b3e59a235562d2fc6c4d2f306f77ee55fcde7e59f540f075194625e04
0x4b81b7b4d05d54aec8633e75a23151ca36628484082e61a93843448116acd638,0x41462b64e6101e7650cf88f0f6e355301488652e626655fe7fa2ef469caeb8d9
0xb3a4f6848888292c4fe1ffb8aed2c456ab56010d82ac12f167b5475abaa29eee,0xc5173f8dc8f9b4b9cf06d8623cb1125d00f1885aad8f66ddc1b86ce06eb63f0a
0x4b81b7b4d05d54aec8633e75a23151ca36628484082e61a93843448116acd638,0xad91d65e9609b53028064deba162e381cee4dd9479486b09769a2cec05caf26d
0xbbdd6a96107d1e7e86737e04220f68eab068140f30f778711dd7a7dc6cf4c310,0x576c667f28d8d1b36b66ef7aece8883c17f074c6dec7442648fd6e48cd9f9a24
0x03f9651e9f2eb9ae005b2ee72a5f15c3a88f49a247970f30ce768a646e160bea,0x04acefdd3cdc8dedeafd00e3f2c7d7e4e32737dc11b5cea951e5f0cecbda7fea
0xa3f4103f3df335a8e134ce8c8e4acc8f7fcaa8e8aa342ce3e238394c4c0cfea4,0x217aefff619374fb383f1564d7598a805ff78433d8c51e6e9371aa288c7afb2f
0xe6ed157445a80cb4a502ef99e46c7376c36d28fe123060ab9e26abd4f7fffbec,0xa8259b0c32b1de438ef2c48a08c1ed69cff78beb4c4c12d5d2ed0e0ea85f1612
0x3f3f64f2c22f87dfc87ddc29db79a85bc6aac805bfce418fc36dee562cbd246f,0x58b7aeaf57eb7548fa40a52aedc93789f365882f5ff9501a7f2c1055ffa62d8f
0x8ba72e5c6d20d83e5eb6d29163e027651218dc5214125d670833d3be54eaf8aa,0xe47deb6928d5661c882f61e32c61f3e422370d83e04c5685d427cffed2c04ff3
0x5eafeb7c9d47070dd1747ba28de462bea9e8ce6428fc572920d5793810a98f64,0x487ccae46d4aa1500e1f0ebe8d0625b9dfc85428ee536fd6b0eb7be12b4e611d
0xa5f0d825d9fae5e7a1a505a569d426f328ba8c69c53b5ee755283c72122b74cf,0xc97ebf24010b0d15958de75c76990db6229048ad60ddd023152a1e1961db770a
0x60473a2ce942d8bb0b1703680f7e9d93932572a57fdef754fd8324e51fcba145,0xee5ed390317ba2dfa0d1f1ed22508c77da6a5c2bf7a74c585c96bac1b7041e9f
0xfa1414e82c8acea9a304d7831ff1f8c7f2a67c81e5e059711e0b3adb56ca9a50,0x04cdac98474bfb705d67570420e0cc0ec5e320a21749987b55052ac7ea3d2042
0x00b6cc296beb65377ddb94e2b135f78fa6f26ba3a1d770491aeae0c774b7042f,0x9c4fc2d6f1c2d5395e0cfb6d7c09569b9c87fb4ec25537bc97319e35883571e9
0x2d714ec34a44bd097cc4fdbf7cf643762a6bcf6fee6dc32e18c2853e8d0309e4,0x11ec2acf23f18cecd5f892ac4f00d887d58b3b96fede4938e451b572ea5ceaba
0x0360baaa220ad16d11edc64123f17dbdbc5547904d50c709ed427356acb98723,0x0654aaf9d697089407a328945d9796b0a520ae16a8556e227e6224752571849e
0x3156e68753b1d12cd68da86a45f1f2b96b48c73c3d982b193c75b4cee0e7a44c,0x03472874149b93d9ce0121acdd0dfd150c69ca54a5cb252a140dea9957eda37e
0x3ec3d91dae7ea25c3e97fd2bfda61ec543d582c446aa3a90ca91f982c7d9c534,0xad98bce11cf26ada232cf2e48dcabe8591f41d7268405eae4736b2e73249a908
0x769e87fd6a54eb80ee4c2e8763cb06fd01f01f709b021a0b8365dea145158c27,0x6d260d34f0d9d5f7eb22e6e0a26a916180848734105225995ea5f07706696c0c
0x00b6cc296beb65377ddb94e2b135f78fa6f26ba3a1d770491aeae0c774b7042f,0xe75908129f835879c59fb1e357a4155a1f88ea9d2cd8b54e255c013e1ae5eed9
0x785c4a2b73b892791d609e8f622aa7e528579094bc93ec2c4ac88d19a333dee0,0x06fc43bee665f1a1d41cc5d61c5c74c110814b570506dc4d3bdb4948e09e6691
0x62d1cd8a6ac1c0cd099c0b03ff765d3fecb707b15c2297d009d6296ac7f1359b,0x74a29163323db706ded222720ced63ceff80186e3f4c55e2247fbbb830de06d6
0x1f77815996eb7e881649d465273efd44f04f0e694a954626860b535c2443270e,0x7a3052230fb2a96ed7cbd732c50712cfcbcf60c7736c131c4493681f020752a8
0x7daff56bf1feb78238b2564a42fade4d6683aca0f5a7e4010df343ea9aedc094,0x9ceb759de49665799d5011df5d8c2027282de3bddaa905b0cffc41b60c128edb
0x785c4a2b73b892791d609e8f622aa7e528579094bc93ec2c4ac88d19a333dee0,0xa9f7bfc14717818d179d06faaedf2e66c4d535e3f934265e8e8f9d29a454bb76
0xec75dc8f1c7a5b7a2ca9d3143f28173a3397040c31b18b92edf5728335143100,0x19e47c4931f41602713b901972ca40ab9dc2f8337707a63e701dae4e08795114
0x0360baaa220ad16d11edc64123f17dbdbc5547904d50c709ed427356acb98723,0x04ceddace068fccebbc95e032ba1c865a3bd798c9197b873c6a9679598e80c9f
0x62e4dd551b820190eee47925c6ac1647c0dcd6a564fcb800c3b9e53bc24d8b16,0xbe22d0f8f283fc69d9d9def5f097175db3126c8fe68a9fae8b0cde2572c65f64
0xe8d2b71f7ed123b125d3e26f0a1915d4d6f35b87b756787694f0e75c1205a008,0xd84afb76a09de8730f838e7dab5036fd6f75923a6d6262a1b7606e65bdaebfa1
0x03f9651e9f2eb9ae005b2ee72a5f15c3a88f49a247970f30ce768a646e160bea,0xb39313fa92ce224880dfef43732c6dea699c8f5a5f6436a6442de620f19933a3
0x00b6cc296beb65377ddb94e2b135f78fa6f26ba3a1d770491aeae0c774b7042f,0x4e5eb7cf75be5216c84640ab0c78948e723aa0f69882d87b0ec005fe9061e3d5
0xe8d2b71f7ed123b125d3e26f0a1915d4d6f35b87b756787694f0e75c1205a008,0xaf4fbeaac493d8c2286491bcbdb838752b2b5b7b81d4826d0ba8dc9017e3b40b
0x5a9b1cc4648915d49d9257cce1dcdfab0526f0a9e741e47e9b1aed8da85c229e,0xe69d5b15d0a24f57c10692d4daa3085e3f936011ee5f6d74cd2199162297f46c
0x1cf1ce4d853c7f7df4c44634e45080e6c038dcd0c4e651920138477d225cdd72,0x1bebf2ae4ceecf5f99abf7d0a9e5bef29b1c0c30e428ffdd795ae2b7193879ca
0x63414c4a971727cbe13754e02d09bbe18550411f0a9638798c4405121701240f,0xf606cb49a691051ba93871ca342fc8509af3808910158fdcc98c18996ce68296
0x7c00938f4bf84272040d983916dc0c5882d170384f70c62283686247266de100,0xacf86484a71b89e848beec68e0990cb7a9e3544f096aa206367def5de77b4b07
0x0ee236b6536ff8a8bb7177110a3738e11377cf2ca5cee5651f3b431d19baccf5,0xf31bce969a9e804519724cb5179bb97bcacf3c14424fd6b95dc8ad475e56a694
0x00b6cc296beb65377ddb94e2b135f78fa6f26ba3a1d770491aeae0c774b7042f,0xf5ff13516b708f793df077b45728d1003cb0260026831b0a2aaa02e3badf1a30
0x5eafeb7c9d47070dd1747ba28de462bea9e8ce6428fc572920d5793810a98f64,0x4bf98c2a0b97aa77c0e69263dd56c841bda5d46154e8474acaa783e51a8d3ddb
0x2e80b0d9fd376be5d9ac5f36cb0138be825754a7870277254f19d0da5f2258fe,0xe90ccc0d77bdbe3b7150d0f9bdf64e77b715598e4545db94c10b812fb35bb1bc
0x00b6cc296beb65377ddb94e2b135f78fa6f26ba3a1d770491aeae0c774b7042f,0x736adef800cb412430214d88d639b85ddde1c38f7714e48d6d84c337bcfa1741
0x1059501b5d21f4d4a0c6d777fe200a1301e99d1c8be78b2e6874b56234914696,0x43d635d8dd693f67553ca0c5288647c76ca1db397502911c6ee7badeb9d1e61b
0x1cf1ce4d853c7f7df4c44634e45080e6c038dcd0c4e651920138477d225cdd72,0x99fab31335740467e0f3508953801defb91be92b2ebc86e55a04303dae079cf3
0x769e87fd6a54eb80ee4c2e8763cb06fd01f01f709b021a0b8365dea145158c27,0x462be0c307afc704e4854a130d5b6a5d197cad60cfb1bc3b1dbd8396deb874f0
0x00b6cc296beb65377ddb94e2b135f78fa6f26ba3a1d770491aeae0c774b7042f,0xa5a1e5408275df690169bc250c50b9355daa92128b0ce93c09fb90b0583372c7
0xb61a3104f74c1af05c8b8742288da600cee5744ad4af3e202e7881114b4a1080,0x2e79320bcae618d817e90d97585afcdee7e1f186e9f1de362da1111d240e5889
0x0ee236b6536ff8a8bb7177110a3738e11377cf2ca5cee5651f3b431d19baccf5,0x8b1bd84bef615d2dbc569e862869f28df4bd71624aca3e42e20edf819db6d330
0xb3a4f6848888292c4fe1ffb8aed2c456ab56010d82ac12f167b5475abaa29eee,0x694b50da5ca5fc1093ee18625db88c2b7522292363a2e8b09ebfb2377e8d301e
0x0360baaa220ad16d11edc64123f17dbdbc5547904d50c709ed427356acb98723,0x079458e9e59a8a34b85338ea438c381a43c794144a356b15270a2807791ee58d
0xe6ed157445a80cb4a502ef99e46c7376c36d28fe123060ab9e26abd4f7fffbec,0x7d864091a69129928b9eea1f48f313fa2d8c89b6940b2807b0c430aef5394a72
0xe9655385c54ab3897e395917e9b29bec9d5b62b977288a42647d91f26e4be5cf,0x35f2af635b1a36d175808b6470625f21e476d5c726d7738c5fe15f79b1a73f01
0x63414c4a971727cbe13754e02d09bbe18550411f0a9638798c4405121701240f,0x39a13cf2f5fdf27d736a1e84ec37d1a871b1870a644e86dbd143b6d41fa5d1d3
0x49faf2ca7812aea470431cd4fcdafd775c88c1e24bae15c664941d102ecf31fc,0x43a15f7430eb2417ebc9ae58d7b28c1a498d2e69b7168c89ce38c46952310552
0x0ee236b6536ff8a8bb7177110a3738e11377cf2ca5cee5651f3b431d19baccf5,0x1790ad71e98f117491f3483bc3ea9b6976fc689db6528f62e71ca16c8ac0a3df
0xb61a3104f74c1af05c8b8742288da600cee5744ad4af3e202e7881114b4a1080,0x1af9f5c149cee741eb6bf4a2b9caedf3dfc32841ba2345f0779f962fc97fcddf
0x3b81998758b17d407c129307c8f2ab0fd5066de0d6c9432be81602257662f4cf,0x43edccc92d7cd639f040a653599296a3c366ca37f383e78fc0c5125668a4f6a2
0x7e69d25eb1aa2fd7dd283f1430deec48dd99d94a4cd4f12ae1eb167dfa54f11e,0x706e6e3be728aebb0685b4b0d4ffe5b0e90a8692560810256ddd3651f9aa84ee
0xb61a3104f74c1af05c8b8742288da600cee5744ad4af3e202e7881114b4a1080,0xbf3dfa12202967f6ec4e636c3b76dbf1bbd82aefdeb98ee9ee64337cf23007ef
0x62e4dd551b820190eee47925c6ac1647c0dcd6a564fcb800c3b9e53bc24d8b16,0xd075d5336661fd1e492e4138d64929c1ee355d6bbdaa2660ac8130b698c96939
0xc9f3853a7f8251f42a1d8bdfe1a171c3a3fa0f56947d2a97beaf591d9cd87f29,0x0c057e887a4ce432880f05bec328ca1ff498250bd2c20bc6002613b2c8d5e647
0xfe82e745b74499339e46470254d4891a8728804cca656f4c19f9129d823c9078,0x8605aa86a18c380995f8ffa60a67791795b13d3d8428f43a058c9ace9f50ec18
0xfa1414e82c8acea9a304d7831ff1f8c7f2a67c81e5e059711e0b3adb56ca9a50,0x94f1afa81bd2468397b80f45c6c724ac689df256130783343c4497b9633f3ba2
0x55acf88608d2b089c1aec066bce8891edc5b633059c667b2082ca4d5b597a38a,0x914ae9ec4a8558249d3574625ac48f495627ddf557f424bacb58e0066c2a5bb6
0x49faf2ca7812aea470431cd4fcdafd775c88c1e24bae15c664941d102ecf31fc,0x33a60fe1523b40588e0172fb43567dff6ccd9efdb2f179c9db20d84f26830ef6
0xfa1414e82c8acea9a304d7831ff1f8c7f2a67c81e5e059711e0b3adb56ca9a50,0xaa8d2e932b304e4350bcf00ba8d48f33d28d26d9a6c173469ce10f45db9b106e
0xfa1414e82c8acea9a304d7831ff1f8c7f2a67c81e5e059711e0b3adb56ca9a50,0xac586c46b046954c0b1b6595ba7ce0f241804c87ac05bd3afa420d6c78a23b31
0x21f77ab78c38f7a5fe278a2cb17f491dfacfb229c3aa519776249c4a7c59ec68,0x0ebf93dc827d77d20b04e7c8d7446116582a3fad072e6c76187105062c924dd7
0x36b0a33abd7c3b4c23bc8a7a92a6bf8380ae0e75ccdfe80347a0b9b3c31c045a,0x99fef77b260bdc76aff11482bc635854495fb417b6767ffa9a6e56e57e0fc90a
0xbf944be94a6f74d2280dfc2689aecc00f938d4217573bc652dc3bb573ca8cfb7,0x09f634115ce1c8d9e7f13baefdeab93a688690219232143a9e017a31e1177a95
0x42caf310513b6eed265b9cd7e260c0325282d8d209035188d7d74b3ef85f509f,0x062c1c415381703a6a00022bbb93ac541ca0092f84c8cc34658e4224da945bdd
0x974c27f84dd15a6d59ed2fe53acb5336817f7eb8a4acd9e06325fbf4ec9b6799,0x473a4f61f26240df847d739d4ad6816d2734fb4d0bc31579b84da7bbb1aadfba
0x988638a03002b0bdf7023fdc03c0e7f9fdb7a493a913dc5b5bfc7e5c3c26f3db,0x14ebebdade5731a5c0b0aa4b33cd52383cbec71521779e56601adb10ae1297a2
0x42caf310513b6eed265b9cd7e260c0325282d8d209035188d7d74b3ef85f509f,0xe4a8098d08d5631b53ae8491de218312c5e08209db41f2def72693b828d320dd
0x988638a03002b0bdf7023fdc03c0e7f9fdb7a493a913dc5b5bfc7e5c3c26f3db,0xba81e3ae641bae7eba63bb7c0dff23a6cc508c354cd6999d21d77674122866a3
0x988638a03002b0bdf7023fdc03c0e7f9fdb7a493a913dc5b5bfc7e5c3c26f3db,0x6834be13582c511ecf99dac4a713cb00e93c3452f3e793086bc7164872300ad1
0x5a9b1cc4648915d49d9257cce1dcdfab0526f0a9e741e47e9b1aed8da85c229e,0x66e441b87e63cf1120adeb8f5730af1eae06412dd84add6ed6b95dd46c269d51
0x00b6cc296beb65377ddb94e2b135f78fa6f26ba3a1d770491aeae0c774b7042f,0x78673b2a7f8ad7e9b91ff85ef58b08d548efb609e45f3cd133e294103540504e
0x0ee236b6536ff8a8bb7177110a3738e11377cf2ca5cee5651f3b431d19baccf5,0x8278a05a16b55a58a3695612c583fdb4aebfdd0e244d1bb3c7ed55fd08409b17
0x5eafeb7c9d47070dd1747ba28de462bea9e8ce6428fc572920d5793810a98f64,0x88f6c43977105d31f87a503d0cac8d6cad4f41c6e6706c1191bb3555cc50aaac
0x9190ef54ec6fe8f70b1e06a54d55cf6fc6f360d2a0c71678d8a580ac4c0b38df,0x6d381cf647476fed6e00013e9b806fb52cb25aab13c17561dcdd0cdb874555c4
0x5eafeb7c9d47070dd1747ba28de462bea9e8ce6428fc572920d5793810a98f64,0x0ddafc99e3e837f2d75fe0b382d9854ed8269ae35a535ed51159e6903a43adcf
0x0360baaa220ad16d11edc64123f17dbdbc5547904d50c709ed427356acb98723,0x95c9d458ee404df7929dd01e07d2fae28e47e2c6a118a012726b0a21f134e2cc
0xe6ed157445a80cb4a502ef99e46c7376c36d28fe123060ab9e26abd4f7fffbec,0xd51141a56e1b265c7470811daf0d2e5f6b3e4f1c1dc87839765bb23dbebc54e2
0x0ee236b6536ff8a8bb7177110a3738e11377cf2ca5cee5651f3b431d19baccf5,0xdb9b84f56f82c6b66e9e1f73ba90886c977e2cab18279e7cae8a4df6de7c02f7
0x00b6cc296beb65377ddb94e2b135f78fa6f26ba3a1d770491aeae0c774b7042f,0x0d6c52f3748a409bed55b0b6d46a98471923568fee8ac0a74e01ecf5b94cf1e0
0xfa1414e82c8acea9a304d7831ff1f8c7f2a67c81e5e059711e0b3adb56ca9a50,0x962faca95d605c0c537ac1c91d0fa2589e8aafd12a39b8d1600763d5e2e59f24
0x0ee236b6536ff8a8bb7177110a3738e11377cf2ca5cee5651f3b431d19baccf5,0x562cd71b43f59f9d24da93f99129a4a0d676998c0d918987c0d7d27d4edc0018
0x67af03a2f6dc26535cf263cc4a3a222bad1d029758c2c9d0d4ad2d6ec47f9f61,0x309b14d19cfc4cb96d06129740f9ee30796cd27fb102f57bcdaaed04e0e37a80
0xa3f4103f3df335a8e134ce8c8e4acc8f7fcaa8e8aa342ce3e238394c4c0cfea4,0xcae9a719dd6dbb9b9488826910cbd116566a0acf95d5dc5e68e7d1d1f6a98958
0xb62e7a2594bfeee9cce5361267aa16a2b94c576534f1e56e40092702fe5fd504,0xbaa0b4b4c3a7d1807b3774d7b1b0648196ed722552bc0adb850eea3b3b749ffe
0x42caf310513b6eed265b9cd7e260c0325282d8d209035188d7d74b3ef85f509f,0x5843206b28f26f7d016c72fc7ee611655f576c2e5054acdecd0da0d1290d1b21
0x1cf1ce4d853c7f7df4c44634e45080e6c038dcd0c4e651920138477d225cdd72,0xe1f93636976ceeb06fe5d35453e88fc09d427a88883108684f50a7d7f7f3f01b
0xfb64bc5259d9cf5b230ed63a376724ba3ec14e3cfe40d6d3ddbcfa5fec3f1393,0xc5efaed99c3f9f102cd45f0673fa47a66df25083cde754a54518b15cf4a565c6
0x1cf1ce4d853c7f7df4c44634e45080e6c038dcd0c4e651920138477d225cdd72,0x09daf9613373d7c085269c559855d1119e745a695bcb3cfa1cd6c20c7287e3a3
0x49faf2ca7812aea470431cd4fcdafd775c88c1e24bae15c664941d102ecf31fc,0x53fbe8b41287be131398253b4a236323266fee941c65811a2a0417bb9edebaf5
0x49faf2ca7812aea470431cd4fcdafd775c88c1e24bae15c664941d102ecf31fc,0x1d0dd95e2202aeea0c88716efe71d187624fd64f07dc9bdb37592dc9a3890ad2
0x425066c1edecb08e72b81b7e32cb01e9637cbd0e8442bc4ee06d071ce2690340,0x9f3cf39a4accc79ba452b0d7ddd75698f8a025c97f151834fab9183ae8197ebd
0x0ee236b6536ff8a8bb7177110a3738e11377cf2ca5cee5651f3b431d19baccf5,0x8a9b2eb12cc1ac871a649d55c00f713387c851490952245bc2802b307588f326
0x0360baaa220ad16d11edc64123f17dbdbc5547904d50c709ed427356acb98723,0x314c12d4e8bd56602fbee2269c9835e2b6da6b6b92b99011039401e24ddef118
0x0ee236b6536ff8a8bb7177110a3738e11377cf2ca5cee5651f3b431d19baccf5,0x36c41648daf1947f7d689d2d3586239eb5947b75dddf0c576ba7d6b1858a4bc6
0x00b6cc296beb65377ddb94e2b135f78fa6f26ba3a1d770491aeae0c774b7042f,0xc37094e0eaf1eaef86f4aba238f9cf7abcfe29af20b23930b9aa720e062a9f43
0x5a9b1cc4648915d49d9257cce1dcdfab0526f0a9e741e47e9b1aed8da85c229e,0xc6f66ec45d05dad2edb5c2b0e933fdb2904885b980d956690a1815b79efd0d4f
0x25aaa966d2e42984d82794c0f1125f7b903ccebe9500fc9857a4aa7cff69aa92,0x2bac77a1df4ef51aba841564a3c6e0f16692bbb9534154d65cc718c88c108e04
0x1f8561b40918d0e373f309a0b48595be8e9e3d583e9e10bf310ab0bc1f69be74,0x8d6302a49ed2af802d7a8e4156e6b7d9f716af9e280f7c2b86e1f6a5f4dd1b04
0x41ac95e124b5f23ec20eadb108d82b7c6f8840b3b999a838005cf53c0faaf8d5,0xa32775023970dad3866cd47d12f06c77485739ff7da2004c53a9339600257b3f
0x00b6cc296beb65377ddb94e2b135f78fa6f26ba3a1d770491aeae0c774b7042f,0x5c38110742d3e93958b0c9775bec7ec866c73f422251ae67c7b63356b4de5239
0x00b6cc296beb65377ddb94e2b135f78fa6f26ba3a1d770491aeae0c774b7042f,0x4ec2acf2f212d4023d8569cdb9b580bcfe61c7dbb94b40c89e37ec62c00e2bf0
0x7c00938f4bf84272040d983916dc0c5882d170384f70c62283686247266de100,0x42a326732848855c3975e2f030b6aa84a9f4242dee04e8bac69d3f2b4820b072
0x00b6cc296beb65377ddb94e2b135f78fa6f26ba3a1d770491aeae0c774b7042f,0x78309ad0e483de7cc22c0f26c5bcdb1b3341f34cbd94018ced08b7bc668a5f2f
0xbf12ee2cad3c929103e84a89d26c1d73325a426fd75ba51fd7f3ea85cd62b327,0xcff15f97fc8e8a2a66a2e87a5f176e5d680dab439e63f02e6714ec140601e562
0xfa1414e82c8acea9a304d7831ff1f8c7f2a67c81e5e059711e0b3adb56ca9a50,0x073bc3163b94c56a4d8dd4999b5eb8cb991b39fa3af9cabcae3fc44ca273fd84
0x737865af30ea2949b0c4c906063a400f8e09eb4760cae6649e8c0908bb7646a3,0x76e5e6d31795ef85125e573e007bd912fe3a0cfc204129216814bb450a083c43
0xfde60cd9b4b53885ae6bdc1ac39b5760232634a595e79ef1623e6e23a7c1b0c4,0xf91adcd8f4ca3ecbfdeafc6e6c0318c57be1e1fa2719d457e52a063d6a2b1949
0x0ee236b6536ff8a8bb7177110a3738e11377cf2ca5cee5651f3b431d19baccf5,0xddb136fad09730094f4e7f9989f14a733001e6e94a1aa4934024bdbf0c2e803d
0x00b6cc296beb65377ddb94e2b135f78fa6f26ba3a1d770491aeae0c774b7042f,0x6fedd3569e91dc9d3ec8dd05886dbde443154389adaadc1eb5014a7dd3dd6664
0x5a9b1cc4648915d49d9257cce1dcdfab0526f0a9e741e47e9b1aed8da85c229e,0x10db82a3aad741901b3b068cfe92630a692f9fe779eac6ec14bea1725d5744f0
0x3ea2746c2cab006aa8018ac978ececa86326075c24d89b27b526fdd8131b536d,0x0a2d506cdcd50f7fe4af55bb0c582b4483bfc76bb5386bfba57bdf59317699d2
0x338dd99eb165a40f78cd62f278edc5cbe4ba09dc097f8b3585d5e2a33d6f59da,0x84f42e0b2ce035adfe3fc44770adfb95c352828020c0ca29fa2da3ce59b25fca
0x00b6cc296beb65377ddb94e2b135f78fa6f26ba3a1d770491aeae0c774b7042f,0xd9e90f4432d5c6a2de5ca4de1fa18744bdb910bc7aaa113f9d62633953985609
0xfa1414e82c8acea9a304d7831ff1f8c7f2a67c81e5e059711e0b3adb56ca9a50,0x9fddc50d0357e4196343a8c20f2c1c5c3fb04206b7f2b1fe548902b0b5f10f7d
0x1059501b5d21f4d4a0c6d777fe200a1301e99d1c8be78b2e6874b56234914696,0x021294d26f474c6b15af3c3f63380d6876b246363c638444845f174e83f78f21
0x85e60649fae6743442251057ca3ae97a84212647cee343a3e390cbf68a07d12f,0xc7d98b35c468d0772796ca598ad577ea6f578a70fbd689eed3009b23acf1f82a
0x0ee236b6536ff8a8bb7177110a3738e11377cf2ca5cee5651f3b431d19baccf5,0x189c41f727c52ecc6b19750fd7947e138f31e7bc5247a757bdeedc82349c4b5b
0x23a30addbfe618bbfa42ecaf221f2bafc224b58081a54e0a09acb021a3461ff9,0x851ccf7f80c86163bff2f668287f34dbcc2b02bedb7be401b8b8bb68cd976695
0x00b6cc296beb65377ddb94e2b135f78fa6f26ba3a1d770491aeae0c774b7042f,0xb5d4d2d14d1d46af5033426b88dd92574a9ad4ad3bf167aa4513a9958aebe68a
0x5a9b1cc4648915d49d9257cce1dcdfab0526f0a9e741e47e9b1aed8da85c229e,0x44728595a23d7e38890fe08e3451c189fe4c32d0900427bbed46efc4e1045db9
0xe126433eaa92fa6ecaf141b5c3ea2d82b25854cd42e59822fc1faec6a35bc2d1,0x34def976200bda7a4dc38666be08d9361e6265ac6111c901cd7219b1417488d1
0xa0b8352e1439631a9147fa5e1fde2fc4138ccf2f133963f005e876f7aac1a08d,0xffcb7dd4de55623cc6aa25647d985dbf595009f21c6bf1f9c39ebc5983e8b215
0x00b6cc296beb65377ddb94e2b135f78fa6f26ba3a1d770491aeae0c774b7042f,0xa761c8836f0001bb519be01b96286015486beebaf60294a22f73ee4fb31151f3
0x2d714ec34a44bd097cc4fdbf7cf643762a6bcf6fee6dc32e18c2853e8d0309e4,0xa7a3376406e02ffa1afe272ae7656680de01358b1deff1c4e2e58a70aa72902d
0x338dd99eb165a40f78cd62f278edc5cbe4ba09dc097f8b3585d5e2a33d6f59da,0x1faac45472f089803a48ec08956a78fccc314d6b7ca76a7d4ada6ab83981d5a1
0xfa1414e82c8acea9a304d7831ff1f8c7f2a67c81e5e059711e0b3adb56ca9a50,0x94e52483c63456d3de0aded874efc7e9d686b05c83420a7610c57c24b8f8ed48
0x988638a03002b0bdf7023fdc03c0e7f9fdb7a493a913dc5b5bfc7e5c3c26f3db,0x932a3b2025915bb8b740d5e1c689e0bf6231ede9664b8f8b385eeb32786d5ccb
0x63414c4a971727cbe13754e02d09bbe18550411f0a9638798c4405121701240f,0xc3f6c245d1f891dfb44496572a1c619ba0de9da45cfddf8669e193711e1109d0
0x614d7cbebfcd3c8ce0bb1c99c20dd0087aa916b7b4e1f92ffc5283a1bb8b6415,0xb6f7e9d4ef1dc9364e63131e61cb7e4a1b6bf5604b31ea197ac9966748dfc875
0xfa1414e82c8acea9a304d7831ff1f8c7f2a67c81e5e059711e0b3adb56ca9a50,0x52957732b55999bc2ce2a336f3e6e17a0778ef724279ef9a572a36d88e4275ec
0x00b6cc296beb65377ddb94e2b135f78fa6f26ba3a1d770491aeae0c774b7042f,0x48a276e10c923108eb1665d98df4610b19ba75d9eba8c9bc1e4630cae65f8ff0
0x49faf2ca7812aea470431cd4fcdafd775c88c1e24bae15c664941d102ecf31fc,0xbccd8a5ab9cd385a51d6f81551c26dd4c4136a81e5afc606c409de332ee1463d
0x9902ba22583496bd71a95336512e8f32c315f671d25492c09491e58bb0cf320a,0x855e48af448c8728f317df056c8a0a796aae4874af206e923e1846fe2eeb568f
0xa0b8352e1439631a9147fa5e1fde2fc4138ccf2f133963f005e876f7aac1a08d,0x877aa4d8bf22b7c13f9ac7a39411e3ca999b288c7e6079da18ee9a879fd8e743
0x00b6cc296beb65377ddb94e2b135f78fa6f26ba3a1d770491aeae0c774b7042f,0x27fede4768d9ad11720885214ca3ea626fde4ec96983f3f3c8513aef0693f5d2
0x5a9b1cc4648915d49d9257cce1dcdfab0526f0a9e741e47e9b1aed8da85c229e,0x148a99349dc6126408c2aa43f9723c838ad4f6c393d0a067a92dbad8235a15d4
0xfa1414e82c8acea9a304d7831ff1f8c7f2a67c81e5e059711e0b3adb56ca9a50,0x4c7e86d05a342c67bd17625b9c9da91d677b69e9d7e65dbda9149230af65671e
0x0ee236b6536ff8a8bb7177110a3738e11377cf2ca5cee5651f3b431d19baccf5,0x036a633f224191dae9032d1c9ef56e62ab8c26d82b337ce7502a0496e480c7db
0xeccf521073e56144fa3558f2040884c6f48398e957eee87e75ef3210a0d04298,0xbb31a8787eefb421dd10a8c695108282bd7ff62612979178cef150f4677f48b6
0x00b6cc296beb65377ddb94e2b135f78fa6f26ba3a1d770491aeae0c774b7042f,0x147d2c2ec171f3c11b833bf190919413a1c6a59a8c441cdc03aac6e868911cec
0x00b6cc296beb65377ddb94e2b135f78fa6f26ba3a1d770491aeae0c774b7042f,0xebdd2c392e52796e456fd8a3d202b508ed5b4aad809f4be1a3fec8cf5448755f
0x00b6cc296beb65377ddb94e2b135f78fa6f26ba3a1d770491aeae0c774b7042f,0xfbe61fa59603e7978817af2dcaa93bca5fb75e5d360ccd4747f46b7dd10efcfb
0xfa1414e82c8acea9a304d7831ff1f8c7f2a67c81e5e059711e0b3adb56ca9a50,0xf11e71dce8949ed72413dc7bf50005a3b8a68f0dacb9543b524ce715c957536c
0x1cf1ce4d853c7f7df4c44634e45080e6c038dcd0c4e651920138477d225cdd72,0xb23a667e31072e35307fe8e7a94e574a9bda7b28575125babf6b08697e09353b
0x1059501b5d21f4d4a0c6d777fe200a1301e99d1c8be78b2e6874b56234914696,0x7c2eff821b845ca75c9ea1729c8cae626e514e2c280624a6f10448c3eb5baea4
0x9da5cc9fd17e1f8f75a921dc0974fb7cf1d24077b5332a9630ca62c21e1263b3,0xc4b5fc604fbddc059d9f734a6cd215da7a8396c78f3f40191081e2307db135f4
0x9da5cc9fd17e1f8f75a921dc0974fb7cf1d24077b5332a9630ca62c21e1263b3,0x64d0019c37e51bdb9ee6d21fbd77f7515cbbc332bc0befe4f8f2c0fccd11684d
0x3b81998758b17d407c129307c8f2ab0fd5066de0d6c9432be81602257662f4cf,0xf260a6fa7cdff8444e69bd61ab923242ded60fa99cce16a20baaca0c7586a086
0x63414c4a971727cbe13754e02d09bbe18550411f0a9638798c4405121701240f,0xc3348d7d86ce0fdeedf974496e3eb25b4531afe7078404e1ccd1d002099ac808
0xfa1414e82c8acea9a304d7831ff1f8c7f2a67c81e5e059711e0b3adb56ca9a50,0xc5aa692bb76541eaac13c6c89f88e9f84b714a01d72a86f0f313e97785e66f05
0x00b6cc296beb65377ddb94e2b135f78fa6f26ba3a1d770491aeae0c774b7042f,0x0bef5d6de59b333e88d4feebd0d65e1371ed76890faba823a97a73532db31279
0x9da5cc9fd17e1f8f75a921dc0974fb7cf1d24077b5332a9630ca62c21e1263b3,0xb9727939d426b2c7c0e16aadeb1367cb283b9f741359a692dfc3d7781e8c23b5
0x9da5cc9fd17e1f8f75a921dc0974fb7cf1d24077b5332a9630ca62c21e1263b3,0x2d354b95e82fd8c64b81acbc326765c4e3a9344956b5f759ed0ca63e8a3c4521
0x9da5cc9fd17e1f8f75a921dc0974fb7cf1d24077b5332a9630ca62c21e1263b3,0x20fdc3a8fe4c2cd2871f4ff2d1c4df7fd853fbfcfec1761f198b041e9b507a97
0xfa1414e82c8acea9a304d7831ff1f8c7f2a67c81e5e059711e0b3adb56ca9a50,0x25ad0a80e8bb87a8a7d901519fefc56a8b635e3f10ef2294e6ea48ac013ca1c1
0x9da5cc9fd17e1f8f75a921dc0974fb7cf1d24077b5332a9630ca62c21e1263b3,0x84136f8b683160d7aa0c6af0e1bad016007b6307ff02fb06e1d793eb16b7541e
0x9310631eca9a734af73074faca2664593531495b5eb068a9ec163cf0220f2c12,0x2c6cb29436e391e35a930a611af0fdb02d1b64504cc74e98cf3adced9cef448a
0x7daff56bf1feb78238b2564a42fade4d6683aca0f5a7e4010df343ea9aedc094,0x6aebe01b5006d2424f4c86c8bb2b6eeebd1bf524cf930079316273ef25f340b4
0x624df00773018770d1bf19d9b3d4179895d797031d4b523c2024b162d3055ede,0x94a274465d74a96e55a087e77c463fcc8387fb726970b953bce8964fcb4c3834
0xa777c4b4d37dab61636833719f2b282238247eeb2396a2f7a620e0f2dc8e6ced,0xebb8512f263baf824ea58f474ffc24b0b1ee4b35aacc4ad50c54f50c6b9713da
0x0b507d7711a54f346fa1dc1eacf2518b48645ebfcfec4ed567a03b877c437055,0xf7a51611bf20536b9a805e5df50d3eb8230bdce5f04e4e636c209be09388ba53
0xe126433eaa92fa6ecaf141b5c3ea2d82b25854cd42e59822fc1faec6a35bc2d1,0xb72e2a3dd1028d1e33fb352fba0c9c4ad9412c9f77704354747994e7be9ecc4a
0x9da5cc9fd17e1f8f75a921dc0974fb7cf1d24077b5332a9630ca62c21e1263b3,0xa025319293421484d565af7c1d75dac34daee9ff6a14c9810d7221f4e52375fb
0x55acf88608d2b089c1aec066bce8891edc5b633059c667b2082ca4d5b597a38a,0xc2b23fbde1dc6228961f44c9cd01e2312e8a8f14e0012ef07d28d76460104de7
0xb3a4f6848888292c4fe1ffb8aed2c456ab56010d82ac12f167b5475abaa29eee,0x57afb99eb94b2d506df213c323967546f7a743d43b5d913806842e3ffda36918
0x785c4a2b73b892791d609e8f622aa7e528579094bc93ec2c4ac88d19a333dee0,0x02032052c1194d2f19ba24205ea671c717ffcaf7da1b963c4c79fcb689b7a81f
0xf512b306e1216ac85c3e29dc092ac50601423725283bf7649ad407a17b5cb413,0x63ec712fddaf8e23b55e6e801b436bc5ae915199fd580f1bd35e25ece32e47c7
0x49faf2ca7812aea470431cd4fcdafd775c88c1e24bae15c664941d102ecf31fc,0x80e84fe5025403575a5b71c55a0b8a1e538e56045df2ac9216f8d1027e863d9b
0x9ea167662c664801d39707ce4428ff15dad6893a403de22ed5b8518b777081e3,0x38f4f06f20b5048cdcfb173275112902fd8ac2d8915e91fc2d86c46a8ebbfef9
0x0ee236b6536ff8a8bb7177110a3738e11377cf2ca5cee5651f3b431d19baccf5,0xc93e2487e8fd96af1756f361c65c4c0064ad8db0e8b542c146a040b813ebabab
0x00b6cc296beb65377ddb94e2b135f78fa6f26ba3a1d770491aeae0c774b7042f,0xc7df604880e545fe84cc9faf807fedb9982cd9a04f276c4379b9f5af08f1e8b1
0x5a9b1cc4648915d49d9257cce1dcdfab0526f0a9e741e47e9b1aed8da85c229e,0x689f7649718405d50d265cef91434c0f3e319fb8e7eeb0dd9bd8fbd055d2a7a9
0x5eafeb7c9d47070dd1747ba28de462bea9e8ce6428fc572920d5793810a98f64,0xc8c532a6f1b116c4e16ec6ddd776bb8b7f0438d7dbf404757040f9f7a49e9375
0xd0bdda8e16a23b3bfa574ba8ea94b5271628bb014204987232a2f2198f6e5b79,0xd89840df5ccfa7cc10a83b9f0d03c615607bf0b4fd54b596a0013bcdba017895
0x2ff00879a73341a6381dcba555d6a38745e762fb526fe87a0640b232e0e7e096,0x7e42430110e7dd355d7208c7b9705a82e7809cdefd4a98e5407e343e8576059b
0x2d714ec34a44bd097cc4fdbf7cf643762a6bcf6fee6dc32e18c2853e8d0309e4,0xc19ecfbcbce4c4c3ee45d91dda4886b57a3a3a09bd70ed77b0c3c6fb30edb75c
0x338dd99eb165a40f78cd62f278edc5cbe4ba09dc097f8b3585d5e2a33d6f59da,0xaa379feab8c9141c4207673c64fd126b0572fdb7cbedcab9ab293b6dc55d350b
0x33ebc77fbf8ef69834d0738e2bd566260d20778176c85416f72c504e38a5c2f0,0xec792153d9182918d09f19d9e9b838828e8e237ac3b9621a536e40ff818dd485
0x217fb504f8b3a53e30f023478795176e55abe1ab823b75bc24e6b739250a23e2,0x8dac0b9ec3cf26ab3d73686ca13c0678963b152db26d9b9aafb3b3027b673c55
0xfb64bc5259d9cf5b230ed63a376724ba3ec14e3cfe40d6d3ddbcfa5fec3f1393,0x06e3971e20085354754a9438fa11b223ea6dacc37b8836cd1b42bc661e0fce37
0x3b81998758b17d407c129307c8f2ab0fd5066de0d6c9432be81602257662f4cf,0x9bf021fc4f293ea3614ec5030a7ec4a28bdf5deb8e42d7a70a73cb7337b7fa61
0xbf12ee2cad3c929103e84a89d26c1d73325a426fd75ba51fd7f3ea85cd62b327,0x60d38e292a2603820a24380f3fbc3318f9273d1d44321d620eabb7cfbbb8186b
0xb61a3104f74c1af05c8b8742288da600cee5744ad4af3e202e7881114b4a1080,0x0847ec1fd736733f5db5426bdab07a3b91e786a45c795f2de4870f770234ee8f
0x0360baaa220ad16d11edc64123f17dbdbc5547904d50c709ed427356acb98723,0x9668053f20bc95ef17dc427ef913883cefc0a639bbc2534d0aa4c3437681c2b4
0xb61a3104f74c1af05c8b8742288da600cee5744ad4af3e202e7881114b4a1080,0x73fd2f663dc86d8bb252726dc7cbf9af5ff6eb786a0e43dd210a0898d64833f8
0xfde60cd9b4b53885ae6bdc1ac39b5760232634a595e79ef1623e6e23a7c1b0c4,0x155c67c52f442d8e311f8dcfeb802db1fe0539c8b6246b00b8cd1ecc54f7da64
0x0360baaa220ad16d11edc64123f17dbdbc5547904d50c709ed427356acb98723,0xb6cac33d761aed66ff342ec1137c52a20c9ab88ce0daabbcdb47798d861a67e3
